0,filipe
1,james
2,john
3,robert
4,michael
5,william
6,david
7,richard
8,charles
9,joseph
10,thomas
11,christopher
12,daniel
13,paul
14,mark
15,donald
16,george
17,kenneth
18,steven
19,edward
20,brian
21,ronald
22,anthony
23,kevin
24,jason
25,matthew
26,gary
27,timothy
28,jose
29,larry
30,jeffrey
31,frank
32,scott
33,eric
34,stephen
35,andrew
36,raymond
37,gregory
38,joshua
39,jerry
40,dennis
41,walter
42,patrick
43,peter
44,harold
45,douglas
46,henry
47,carl
48,arthur
49,ryan
50,roger
51,joe
52,juan
53,jack
54,albert
55,jonathan
56,justin
57,terry
58,gerald
59,keith
60,samuel
61,willie
62,ralph
63,lawrence
64,nicholas
65,roy
66,benjamin
67,bruce
68,brandon
69,adam
70,harry
71,fred
72,wayne
73,billy
74,steve
75,louis
76,jeremy
77,aaron
78,randy
79,howard
80,eugene
81,carlos
82,russell
83,bobby
84,victor
85,martin
86,ernest
87,phillip
88,todd
89,jesse
90,craig
91,alan
92,shawn
93,clarence
94,sean
95,philip
96,chris
97,johnny
98,earl
99,jimmy
100,antonio
101,danny
102,bryan
103,tony
104,luis
105,mike
106,stanley
107,leonard
108,nathan
109,dale
110,manuel
111,rodney
112,curtis
113,norman
114,allen
115,marvin
116,vincent
117,glenn
118,jeffery
119,travis
120,jeff
121,chad
122,jacob
123,lee
124,melvin
125,alfred
126,kyle
127,francis
128,bradley
129,jesus
130,herbert
131,frederick
132,ray
133,joel
134,edwin
135,don
136,eddie
137,ricky
138,troy
139,randall
140,barry
141,alexander
142,bernard
143,mario
144,leroy
145,francisco
146,marcus
147,micheal
148,theodore
149,clifford
150,miguel
151,oscar
152,jay
153,jim
154,tom
155,calvin
156,alex
157,jon
158,ronnie
159,bill
160,lloyd
161,tommy
162,leon
163,derek
164,warren
165,darrell
166,jerome
167,floyd
168,leo
169,alvin
170,tim
171,wesley
172,gordon
173,dean
174,greg
175,jorge
176,dustin
177,pedro
178,derrick
179,dan
180,lewis
181,zachary
182,corey
183,herman
184,maurice
185,vernon
186,roberto
187,clyde
188,glen
189,hector
190,shane
191,ricardo
192,sam
193,rick
194,lester
195,brent
196,ramon
197,charlie
198,tyler
199,gilbert
200,gene
201,marc
202,reginald
203,ruben
204,brett
205,angel
206,nathaniel
207,rafael
208,leslie
209,edgar
210,milton
211,raul
212,ben
213,chester
214,cecil
215,duane
216,franklin
217,andre
218,elmer
219,brad
220,gabriel
221,ron
222,mitchell
223,roland
224,arnold
225,harvey
226,jared
227,adrian
228,karl
229,cory
230,claude
231,erik
232,darryl
233,jamie
234,neil
235,jessie
236,christian
237,javier
238,fernando
239,clinton
240,ted
241,mathew
242,tyrone
243,darren
244,lonnie
245,lance
246,cody
247,julio
248,kelly
249,kurt
250,allan
251,nelson
252,guy
253,clayton
254,hugh
255,max
256,dwayne
257,dwight
258,armando
259,felix
260,jimmie
261,everett
262,jordan
263,ian
264,wallace
265,ken
266,bob
267,jaime
268,casey
269,alfredo
270,alberto
271,dave
272,ivan
273,johnnie
274,sidney
275,byron
276,julian
277,isaac
278,morris
279,clifton
280,willard
281,daryl
282,ross
283,virgil
284,andy
285,marshall
286,salvador
287,perry
288,kirk
289,sergio
290,marion
291,tracy
292,seth
293,kent
294,terrance
295,rene
296,eduardo
297,terrence
298,enrique
299,freddie
300,wade
301,austin
302,stuart
303,fredrick
304,arturo
305,alejandro
306,jackie
307,joey
308,nick
309,luther
310,wendell
311,jeremiah
312,evan
313,julius
314,dana
315,donnie
316,otis
317,shannon
318,trevor
319,oliver
320,luke
321,homer
322,gerard
323,doug
324,kenny
325,hubert
326,angelo
327,shaun
328,lyle
329,matt
330,lynn
331,alfonso
332,orlando
333,rex
334,carlton
335,ernesto
336,cameron
337,neal
338,pablo
339,lorenzo
340,omar
341,wilbur
342,blake
343,grant
344,horace
345,roderick
346,kerry
347,abraham
348,willis
349,rickey
350,jean
351,ira
352,andres
353,cesar
354,johnathan
355,malcolm
356,rudolph
357,damon
358,kelvin
359,rudy
360,preston
361,alton
362,archie
363,marco
364,wm
365,pete
366,randolph
367,garry
368,geoffrey
369,jonathon
370,felipe
371,bennie
372,gerardo
373,ed
374,dominic
375,robin
376,loren
377,delbert
378,colin
379,guillermo
380,earnest
381,lucas
382,benny
383,noel
384,spencer
385,rodolfo
386,myron
387,edmund
388,garrett
389,salvatore
390,cedric
391,lowell
392,gregg
393,sherman
394,wilson
395,devin
396,sylvester
397,kim
398,roosevelt
399,israel
400,jermaine
401,forrest
402,wilbert
403,leland
404,simon
405,guadalupe
406,clark
407,irving
408,carroll
409,bryant
410,owen
411,rufus
412,woodrow
413,sammy
414,kristopher
415,mack
416,levi
417,marcos
418,gustavo
419,jake
420,lionel
421,marty
422,taylor
423,ellis
424,dallas
425,gilberto
426,clint
427,nicolas
428,laurence
429,ismael
430,orville
431,drew
432,jody
433,ervin
434,dewey
435,al
436,wilfred
437,josh
438,hugo
439,ignacio
440,caleb
441,tomas
442,sheldon
443,erick
444,frankie
445,stewart
446,doyle
447,darrel
448,rogelio
449,terence
450,santiago
451,alonzo
452,elias
453,bert
454,elbert
455,ramiro
456,conrad
457,pat
458,noah
459,grady
460,phil
461,cornelius
462,lamar
463,rolando
464,clay
465,percy
466,dexter
467,bradford
468,merle
469,darin
470,amos
471,terrell
472,moses
473,irvin
474,saul
475,roman
476,darnell
477,randal
478,tommie
479,timmy
480,darrin
481,winston
482,brendan
483,toby
484,van
485,abel
486,dominick
487,boyd
488,courtney
489,jan
490,emilio
491,elijah
492,cary
493,domingo
494,santos
495,aubrey
496,emmett
497,marlon
498,emanuel
499,jerald
500,edmond
501,emil
502,dewayne
503,will
504,otto
505,teddy
506,reynaldo
507,bret
508,morgan
509,jess
510,trent
511,humberto
512,emmanuel
513,stephan
514,louie
515,vicente
516,lamont
517,stacy
518,garland
519,miles
520,micah
521,efrain
522,billie
523,logan
524,heath
525,rodger
526,harley
527,demetrius
528,ethan
529,eldon
530,rocky
531,pierre
532,junior
533,freddy
534,eli
535,bryce
536,antoine
537,robbie
538,kendall
539,royce
540,sterling
541,mickey
542,chase
543,grover
544,elton
545,cleveland
546,dylan
547,chuck
548,damian
549,reuben
550,stan
551,august
552,leonardo
553,jasper
554,russel
555,erwin
556,benito
557,hans
558,monte
559,blaine
560,ernie
561,curt
562,quentin
563,agustin
564,murray
565,jamal
566,devon
567,adolfo
568,harrison
569,tyson
570,burton
571,brady
572,elliott
573,wilfredo
574,bart
575,jarrod
576,vance
577,denis
578,damien
579,joaquin
580,harlan
581,desmond
582,elliot
583,darwin
584,ashley
585,gregorio
586,buddy
587,xavier
588,kermit
589,roscoe
590,esteban
591,anton
592,solomon
593,scotty
594,norbert
595,elvin
596,williams
597,nolan
598,carey
599,rod
600,quinton
601,hal
602,brain
603,rob
604,elwood
605,kendrick
606,darius
607,moises
608,son
609,marlin
610,fidel
611,thaddeus
612,cliff
613,marcel
614,ali
615,jackson
616,raphael
617,bryon
618,armand
619,alvaro
620,jeffry
621,dane
622,joesph
623,thurman
624,ned
625,sammie
626,rusty
627,michel
628,monty
629,rory
630,fabian
631,reggie
632,mason
633,graham
634,kris
635,isaiah
636,vaughn
637,gus
638,avery
639,loyd
640,diego
641,alexis
642,adolph
643,norris
644,millard
645,rocco
646,gonzalo
647,derick
648,rodrigo
649,gerry
650,stacey
651,carmen
652,wiley
653,rigoberto
654,alphonso
655,ty
656,shelby
657,rickie
658,noe
659,vern
660,bobbie
661,reed
662,jefferson
663,elvis
664,bernardo
665,mauricio
666,hiram
667,donovan
668,basil
669,riley
670,ollie
671,nickolas
672,maynard
673,scot
674,vince
675,quincy
676,eddy
677,sebastian
678,federico
679,ulysses
680,heriberto
681,donnell
682,cole
683,denny
684,davis
685,gavin
686,emery
687,ward
688,romeo
689,jayson
690,dion
691,dante
692,clement
693,coy
694,odell
695,maxwell
696,jarvis
697,bruno
698,issac
699,mary
700,dudley
701,brock
702,sanford
703,colby
704,carmelo
705,barney
706,nestor
707,hollis
708,stefan
709,donny
710,art
711,linwood
712,beau
713,weldon
714,galen
715,isidro
716,truman
717,delmar
718,johnathon
719,silas
720,frederic
721,dick
722,kirby
723,irwin
724,cruz
725,merlin
726,merrill
727,charley
728,marcelino
729,lane
730,harris
731,cleo
732,carlo
733,trenton
734,kurtis
735,hunter
736,aurelio
737,winfred
738,vito
739,collin
740,denver
741,carter
742,leonel
743,emory
744,pasquale
745,mohammad
746,mariano
747,danial
748,blair
749,landon
750,dirk
751,branden
752,adan
753,numbers
754,clair
755,buford
756,german
757,bernie
758,wilmer
759,joan
760,emerson
761,zachery
762,fletcher
763,jacques
764,errol
765,dalton
766,monroe
767,josue
768,dominique
769,edwardo
770,booker
771,wilford
772,sonny
773,shelton
774,carson
775,theron
776,raymundo
777,daren
778,tristan
779,houston
780,robby
781,lincoln
782,jame
783,genaro
784,gale
785,bennett
786,octavio
787,cornell
788,laverne
789,hung
790,arron
791,antony
792,herschel
793,alva
794,giovanni
795,garth
796,cyrus
797,cyril
798,ronny
799,stevie
800,lon
801,freeman
802,erin
803,duncan
804,kennith
805,carmine
806,augustine
807,young
808,erich
809,chadwick
810,wilburn
811,russ
812,reid
813,myles
814,anderson
815,morton
816,jonas
817,forest
818,mitchel
819,mervin
820,zane
821,rich
822,jamel
823,lazaro
824,alphonse
825,randell
826,major
827,johnie
828,jarrett
829,brooks
830,ariel
831,abdul
832,dusty
833,luciano
834,lindsey
835,tracey
836,seymour
837,scottie
838,eugenio
839,mohammed
840,sandy
841,valentin
842,chance
843,arnulfo
844,lucien
845,ferdinand
846,thad
847,ezra
848,sydney
849,aldo
850,rubin
851,royal
852,mitch
853,earle
854,abe
855,wyatt
856,marquis
857,lanny
858,kareem
859,jamar
860,boris
861,isiah
862,emile
863,elmo
864,aron
865,leopoldo
866,everette
867,josef
868,gail
869,eloy
870,dorian
871,rodrick
872,reinaldo
873,lucio
874,jerrod
875,weston
876,hershel
877,barton
878,parker
879,lemuel
880,lavern
881,burt
882,jules
883,gil
884,eliseo
885,ahmad
886,nigel
887,efren
888,antwan
889,alden
890,margarito
891,coleman
892,refugio
893,dino
894,osvaldo
895,les
896,deandre
897,normand
898,kieth
899,ivory
900,andrea
901,trey
902,norberto
903,napoleon
904,jerold
905,fritz
906,rosendo
907,milford
908,sang
909,deon
910,christoper
911,alfonzo
912,lyman
913,josiah
914,brant
915,wilton
916,rico
917,jamaal
918,dewitt
919,carol
920,brenton
921,yong
922,olin
923,foster
924,faustino
925,claudio
926,judson
927,gino
928,edgardo
929,berry
930,alec
931,tanner
932,jarred
933,donn
934,trinidad
935,tad
936,shirley
937,prince
938,porfirio
939,odis
940,maria
941,lenard
942,chauncey
943,chang
944,tod
945,mel
946,marcelo
947,kory
948,augustus
949,keven
950,hilario
951,bud
952,sal
953,rosario
954,orval
955,mauro
956,dannie
957,zachariah
958,olen
959,anibal
960,milo
961,jed
962,frances
963,thanh
964,dillon
965,amado
966,newton
967,connie
968,lenny
969,tory
970,richie
971,lupe
972,horacio
973,brice
974,mohamed
975,delmer
976,dario
977,reyes
978,dee
979,mac
980,jonah
981,jerrold
982,robt
983,hank
984,sung
985,rupert
986,rolland
987,kenton
988,damion
989,chi
990,antone
991,waldo
992,fredric
993,bradly
994,quinn
995,kip
996,burl
997,walker
998,tyree
999,jefferey
1000,ahmed
1001,willy
1002,stanford
1003,oren
1004,noble
1005,moshe
1006,mikel
1007,enoch
1008,brendon
1009,quintin
1010,jamison
1011,florencio
1012,darrick
1013,tobias
1014,minh
1015,hassan
1016,giuseppe
1017,demarcus
1018,cletus
1019,tyrell
1020,lyndon
1021,keenan
1022,werner
1023,theo
1024,geraldo
1025,lou
1026,columbus
1027,chet
1028,bertram
1029,markus
1030,huey
1031,hilton
1032,dwain
1033,donte
1034,tyron
1035,omer
1036,isaias
1037,hipolito
1038,fermin
1039,chung
1040,adalberto
1041,valentine
1042,jamey
1043,bo
1044,barrett
1045,whitney
1046,teodoro
1047,mckinley
1048,maximo
1049,garfield
1050,sol
1051,raleigh
1052,lawerence
1053,abram
1054,rashad
1055,king
1056,emmitt
1057,daron
1058,chong
1059,samual
1060,paris
1061,otha
1062,miquel
1063,lacy
1064,eusebio
1065,dong
1066,domenic
1067,darron
1068,buster
1069,antonia
1070,wilber
1071,renato
1072,jc
1073,hoyt
1074,haywood
1075,ezekiel
1076,chas
1077,florentino
1078,elroy
1079,clemente
1080,arden
1081,neville
1082,kelley
1083,edison
1084,deshawn
1085,carrol
1086,shayne
1087,nathanial
1088,jordon
1089,danilo
1090,claud
1091,val
1092,sherwood
1093,raymon
1094,rayford
1095,cristobal
1096,ambrose
1097,titus
1098,hyman
1099,felton
1100,ezequiel
1101,erasmo
1102,stanton
1103,lonny
1104,len
1105,ike
1106,milan
1107,lino
1108,jarod
1109,herb
1110,andreas
1111,walton
1112,rhett
1113,palmer
1114,jude
1115,douglass
1116,cordell
1117,oswaldo
1118,ellsworth
1119,virgilio
1120,toney
1121,nathanael
1122,del
1123,britt
1124,benedict
1125,mose
1126,hong
1127,leigh
1128,johnson
1129,isreal
1130,gayle
1131,garret
1132,fausto
1133,asa
1134,arlen
1135,zack
1136,warner
1137,modesto
1138,francesco
1139,manual
1140,jae
1141,gaylord
1142,gaston
1143,filiberto
1144,deangelo
1145,michale
1146,granville
1147,wes
1148,malik
1149,zackary
1150,tuan
1151,nicky
1152,eldridge
1153,cristopher
1154,cortez
1155,antione
1156,malcom
1157,long
1158,korey
1159,jospeh
1160,colton
1161,waylon
1162,von
1163,hosea
1164,shad
1165,santo
1166,rudolf
1167,rolf
1168,rey
1169,renaldo
1170,marcellus
1171,lucius
1172,lesley
1173,kristofer
1174,boyce
1175,benton
1176,man
1177,kasey
1178,jewell
1179,hayden
1180,harland
1181,arnoldo
1182,rueben
1183,leandro
1184,kraig
1185,jerrell
1186,jeromy
1187,hobert
1188,cedrick
1189,arlie
1190,winford
1191,wally
1192,patricia
1193,luigi
1194,keneth
1195,jacinto
1196,graig
1197,franklyn
1198,edmundo
1199,sid
1200,porter
1201,leif
1202,lauren
1203,jeramy
1204,elisha
1205,buck
1206,willian
1207,vincenzo
1208,shon
1209,michal
1210,lynwood
1211,lindsay
1212,jewel
1213,jere
1214,hai
1215,elden
1216,dorsey
1217,darell
1218,broderick
1219,alonso
1220,mary
1221,patricia
1222,linda
1223,barbara
1224,elizabeth
1225,jennifer
1226,maria
1227,susan
1228,margaret
1229,dorothy
1230,lisa
1231,nancy
1232,karen
1233,betty
1234,helen
1235,sandra
1236,donna
1237,carol
1238,ruth
1239,sharon
1240,michelle
1241,laura
1242,sarah
1243,kimberly
1244,deborah
1245,jessica
1246,shirley
1247,cynthia
1248,angela
1249,melissa
1250,brenda
1251,amy
1252,anna
1253,rebecca
1254,virginia
1255,kathleen
1256,pamela
1257,martha
1258,debra
1259,amanda
1260,stephanie
1261,carolyn
1262,christine
1263,marie
1264,janet
1265,catherine
1266,frances
1267,ann
1268,joyce
1269,diane
1270,alice
1271,julie
1272,heather
1273,teresa
1274,doris
1275,gloria
1276,evelyn
1277,jean
1278,cheryl
1279,mildred
1280,katherine
1281,joan
1282,ashley
1283,judith
1284,rose
1285,janice
1286,kelly
1287,nicole
1288,judy
1289,christina
1290,kathy
1291,theresa
1292,beverly
1293,denise
1294,tammy
1295,irene
1296,jane
1297,lori
1298,rachel
1299,marilyn
1300,andrea
1301,kathryn
1302,louise
1303,sara
1304,anne
1305,jacqueline
1306,wanda
1307,bonnie
1308,julia
1309,ruby
1310,lois
1311,tina
1312,phyllis
1313,norma
1314,paula
1315,diana
1316,annie
1317,lillian
1318,emily
1319,robin
1320,peggy
1321,crystal
1322,gladys
1323,rita
1324,dawn
1325,connie
1326,florence
1327,tracy
1328,edna
1329,tiffany
1330,carmen
1331,rosa
1332,cindy
1333,grace
1334,wendy
1335,victoria
1336,edith
1337,kim
1338,sherry
1339,sylvia
1340,josephine
1341,thelma
1342,shannon
1343,sheila
1344,ethel
1345,ellen
1346,elaine
1347,marjorie
1348,carrie
1349,charlotte
1350,monica
1351,esther
1352,pauline
1353,emma
1354,juanita
1355,anita
1356,rhonda
1357,hazel
1358,amber
1359,eva
1360,debbie
1361,april
1362,leslie
1363,clara
1364,lucille
1365,jamie
1366,joanne
1367,eleanor
1368,valerie
1369,danielle
1370,megan
1371,alicia
1372,suzanne
1373,michele
1374,gail
1375,bertha
1376,darlene
1377,veronica
1378,jill
1379,erin
1380,geraldine
1381,lauren
1382,cathy
1383,joann
1384,lorraine
1385,lynn
1386,sally
1387,regina
1388,erica
1389,beatrice
1390,dolores
1391,bernice
1392,audrey
1393,yvonne
1394,annette
1395,june
1396,samantha
1397,marion
1398,dana
1399,stacy
1400,ana
1401,renee
1402,ida
1403,vivian
1404,roberta
1405,holly
1406,brittany
1407,melanie
1408,loretta
1409,yolanda
1410,jeanette
1411,laurie
1412,katie
1413,kristen
1414,vanessa
1415,alma
1416,sue
1417,elsie
1418,beth
1419,jeanne
1420,vicki
1421,carla
1422,tara
1423,rosemary
1424,eileen
1425,terri
1426,gertrude
1427,lucy
1428,tonya
1429,ella
1430,stacey
1431,wilma
1432,gina
1433,kristin
1434,jessie
1435,natalie
1436,agnes
1437,vera
1438,willie
1439,charlene
1440,bessie
1441,delores
1442,melinda
1443,pearl
1444,arlene
1445,maureen
1446,colleen
1447,allison
1448,tamara
1449,joy
1450,georgia
1451,constance
1452,lillie
1453,claudia
1454,jackie
1455,marcia
1456,tanya
1457,nellie
1458,minnie
1459,marlene
1460,heidi
1461,glenda
1462,lydia
1463,viola
1464,courtney
1465,marian
1466,stella
1467,caroline
1468,dora
1469,jo
1470,vickie
1471,mattie
1472,terry
1473,maxine
1474,irma
1475,mabel
1476,marsha
1477,myrtle
1478,lena
1479,christy
1480,deanna
1481,patsy
1482,hilda
1483,gwendolyn
1484,jennie
1485,nora
1486,margie
1487,nina
1488,cassandra
1489,leah
1490,penny
1491,kay
1492,priscilla
1493,naomi
1494,carole
1495,brandy
1496,olga
1497,billie
1498,dianne
1499,tracey
1500,leona
1501,jenny
1502,felicia
1503,sonia
1504,miriam
1505,velma
1506,becky
1507,bobbie
1508,violet
1509,kristina
1510,toni
1511,misty
1512,mae
1513,shelly
1514,daisy
1515,ramona
1516,sherri
1517,erika
1518,katrina
1519,claire
1520,lindsey
1521,lindsay
1522,geneva
1523,guadalupe
1524,belinda
1525,margarita
1526,sheryl
1527,cora
1528,faye
1529,ada
1530,natasha
1531,sabrina
1532,isabel
1533,marguerite
1534,hattie
1535,harriet
1536,molly
1537,cecilia
1538,kristi
1539,brandi
1540,blanche
1541,sandy
1542,rosie
1543,joanna
1544,iris
1545,eunice
1546,angie
1547,inez
1548,lynda
1549,madeline
1550,amelia
1551,alberta
1552,genevieve
1553,monique
1554,jodi
1555,janie
1556,maggie
1557,kayla
1558,sonya
1559,jan
1560,lee
1561,kristine
1562,candace
1563,fannie
1564,maryann
1565,opal
1566,alison
1567,yvette
1568,melody
1569,luz
1570,susie
1571,olivia
1572,flora
1573,shelley
1574,kristy
1575,mamie
1576,lula
1577,lola
1578,verna
1579,beulah
1580,antoinette
1581,candice
1582,juana
1583,jeannette
1584,pam
1585,kelli
1586,hannah
1587,whitney
1588,bridget
1589,karla
1590,celia
1591,latoya
1592,patty
1593,shelia
1594,gayle
1595,della
1596,vicky
1597,lynne
1598,sheri
1599,marianne
1600,kara
1601,jacquelyn
1602,erma
1603,blanca
1604,myra
1605,leticia
1606,pat
1607,krista
1608,roxanne
1609,angelica
1610,johnnie
1611,robyn
1612,francis
1613,adrienne
1614,rosalie
1615,alexandra
1616,brooke
1617,bethany
1618,sadie
1619,bernadette
1620,traci
1621,jody
1622,kendra
1623,jasmine
1624,nichole
1625,rachael
1626,chelsea
1627,mable
1628,ernestine
1629,muriel
1630,marcella
1631,elena
1632,krystal
1633,angelina
1634,nadine
1635,kari
1636,estelle
1637,dianna
1638,paulette
1639,lora
1640,mona
1641,doreen
1642,rosemarie
1643,angel
1644,desiree
1645,antonia
1646,hope
1647,ginger
1648,janis
1649,betsy
1650,christie
1651,freda
1652,mercedes
1653,meredith
1654,lynette
1655,teri
1656,cristina
1657,eula
1658,leigh
1659,meghan
1660,sophia
1661,eloise
1662,rochelle
1663,gretchen
1664,cecelia
1665,raquel
1666,henrietta
1667,alyssa
1668,jana
1669,kelley
1670,gwen
1671,kerry
1672,jenna
1673,tricia
1674,laverne
1675,olive
1676,alexis
1677,tasha
1678,silvia
1679,elvira
1680,casey
1681,delia
1682,sophie
1683,kate
1684,patti
1685,lorena
1686,kellie
1687,sonja
1688,lila
1689,lana
1690,darla
1691,may
1692,mindy
1693,essie
1694,mandy
1695,lorene
1696,elsa
1697,josefina
1698,jeannie
1699,miranda
1700,dixie
1701,lucia
1702,marta
1703,faith
1704,lela
1705,johanna
1706,shari
1707,camille
1708,tami
1709,shawna
1710,elisa
1711,ebony
1712,melba
1713,ora
1714,nettie
1715,tabitha
1716,ollie
1717,jaime
1718,winifred
1719,kristie
1720,marina
1721,alisha
1722,aimee
1723,rena
1724,myrna
1725,marla
1726,tammie
1727,latasha
1728,bonita
1729,patrice
1730,ronda
1731,sherrie
1732,addie
1733,francine
1734,deloris
1735,stacie
1736,adriana
1737,cheri
1738,shelby
1739,abigail
1740,celeste
1741,jewel
1742,cara
1743,adele
1744,rebekah
1745,lucinda
1746,dorthy
1747,chris
1748,effie
1749,trina
1750,reba
1751,shawn
1752,sallie
1753,aurora
1754,lenora
1755,etta
1756,lottie
1757,kerri
1758,trisha
1759,nikki
1760,estella
1761,francisca
1762,josie
1763,tracie
1764,marissa
1765,karin
1766,brittney
1767,janelle
1768,lourdes
1769,laurel
1770,helene
1771,fern
1772,elva
1773,corinne
1774,kelsey
1775,ina
1776,bettie
1777,elisabeth
1778,aida
1779,caitlin
1780,ingrid
1781,iva
1782,eugenia
1783,christa
1784,goldie
1785,cassie
1786,maude
1787,jenifer
1788,therese
1789,frankie
1790,dena
1791,lorna
1792,janette
1793,latonya
1794,candy
1795,morgan
1796,consuelo
1797,tamika
1798,rosetta
1799,debora
1800,cherie
1801,polly
1802,dina
1803,jewell
1804,fay
1805,jillian
1806,dorothea
1807,nell
1808,trudy
1809,esperanza
1810,patrica
1811,kimberley
1812,shanna
1813,helena
1814,carolina
1815,cleo
1816,stefanie
1817,rosario
1818,ola
1819,janine
1820,mollie
1821,lupe
1822,alisa
1823,lou
1824,maribel
1825,susanne
1826,bette
1827,susana
1828,elise
1829,cecile
1830,isabelle
1831,lesley
1832,jocelyn
1833,paige
1834,joni
1835,rachelle
1836,leola
1837,daphne
1838,alta
1839,ester
1840,petra
1841,graciela
1842,imogene
1843,jolene
1844,keisha
1845,lacey
1846,glenna
1847,gabriela
1848,keri
1849,ursula
1850,lizzie
1851,kirsten
1852,shana
1853,adeline
1854,mayra
1855,jayne
1856,jaclyn
1857,gracie
1858,sondra
1859,carmela
1860,marisa
1861,rosalind
1862,charity
1863,tonia
1864,beatriz
1865,marisol
1866,clarice
1867,jeanine
1868,sheena
1869,angeline
1870,frieda
1871,lily
1872,robbie
1873,shauna
1874,millie
1875,claudette
1876,cathleen
1877,angelia
1878,gabrielle
1879,autumn
1880,katharine
1881,summer
1882,jodie
1883,staci
1884,lea
1885,christi
1886,jimmie
1887,justine
1888,elma
1889,luella
1890,margret
1891,dominique
1892,socorro
1893,rene
1894,martina
1895,margo
1896,mavis
1897,callie
1898,bobbi
1899,maritza
1900,lucile
1901,leanne
1902,jeannine
1903,deana
1904,aileen
1905,lorie
1906,ladonna
1907,willa
1908,manuela
1909,gale
1910,selma
1911,dolly
1912,sybil
1913,abby
1914,lara
1915,dale
1916,ivy
1917,dee
1918,winnie
1919,marcy
1920,luisa
1921,jeri
1922,magdalena
1923,ofelia
1924,meagan
1925,audra
1926,matilda
1927,leila
1928,cornelia
1929,bianca
1930,simone
1931,bettye
1932,randi
1933,virgie
1934,latisha
1935,barbra
1936,georgina
1937,eliza
1938,leann
1939,bridgette
1940,rhoda
1941,haley
1942,adela
1943,nola
1944,bernadine
1945,flossie
1946,ila
1947,greta
1948,ruthie
1949,nelda
1950,minerva
1951,lilly
1952,terrie
1953,letha
1954,hilary
1955,estela
1956,valarie
1957,brianna
1958,rosalyn
1959,earline
1960,catalina
1961,ava
1962,mia
1963,clarissa
1964,lidia
1965,corrine
1966,alexandria
1967,concepcion
1968,tia
1969,sharron
1970,rae
1971,dona
1972,ericka
1973,jami
1974,elnora
1975,chandra
1976,lenore
1977,neva
1978,marylou
1979,melisa
1980,tabatha
1981,serena
1982,avis
1983,allie
1984,sofia
1985,jeanie
1986,odessa
1987,nannie
1988,harriett
1989,loraine
1990,penelope
1991,milagros
1992,emilia
1993,benita
1994,allyson
1995,ashlee
1996,tania
1997,tommie
1998,esmeralda
1999,karina
2000,eve
2001,pearlie
2002,zelma
2003,malinda
2004,noreen
2005,tameka
2006,saundra
2007,hillary
2008,amie
2009,althea
2010,rosalinda
2011,jordan
2012,lilia
2013,alana
2014,gay
2015,clare
2016,alejandra
2017,elinor
2018,michael
2019,lorrie
2020,jerri
2021,darcy
2022,earnestine
2023,carmella
2024,taylor
2025,noemi
2026,marcie
2027,liza
2028,annabelle
2029,louisa
2030,earlene
2031,mallory
2032,carlene
2033,nita
2034,selena
2035,tanisha
2036,katy
2037,julianne
2038,john
2039,lakisha
2040,edwina
2041,maricela
2042,margery
2043,kenya
2044,dollie
2045,roxie
2046,roslyn
2047,kathrine
2048,nanette
2049,charmaine
2050,lavonne
2051,ilene
2052,kris
2053,tammi
2054,suzette
2055,corine
2056,kaye
2057,jerry
2058,merle
2059,chrystal
2060,lina
2061,deanne
2062,lilian
2063,juliana
2064,aline
2065,luann
2066,kasey
2067,maryanne
2068,evangeline
2069,colette
2070,melva
2071,lawanda
2072,yesenia
2073,nadia
2074,madge
2075,kathie
2076,eddie
2077,ophelia
2078,valeria
2079,nona
2080,mitzi
2081,mari
2082,georgette
2083,claudine
2084,fran
2085,alissa
2086,roseann
2087,lakeisha
2088,susanna
2089,reva
2090,deidre
2091,chasity
2092,sheree
2093,carly
2094,james
2095,elvia
2096,alyce
2097,deirdre
2098,gena
2099,briana
2100,araceli
2101,katelyn
2102,rosanne
2103,wendi
2104,tessa
2105,berta
2106,marva
2107,imelda
2108,marietta
2109,marci
2110,leonor
2111,arline
2112,sasha
2113,madelyn
2114,janna
2115,juliette
2116,deena
2117,aurelia
2118,josefa
2119,augusta
2120,liliana
2121,young
2122,christian
2123,lessie
2124,amalia
2125,savannah
2126,anastasia
2127,vilma
2128,natalia
2129,rosella
2130,lynnette
2131,corina
2132,alfreda
2133,leanna
2134,carey
2135,amparo
2136,coleen
2137,tamra
2138,aisha
2139,wilda
2140,karyn
2141,cherry
2142,queen
2143,maura
2144,mai
2145,evangelina
2146,rosanna
2147,hallie
2148,erna
2149,enid
2150,mariana
2151,lacy
2152,juliet
2153,jacklyn
2154,freida
2155,madeleine
2156,mara
2157,hester
2158,cathryn
2159,lelia
2160,casandra
2161,bridgett
2162,angelita
2163,jannie
2164,dionne
2165,annmarie
2166,katina
2167,beryl
2168,phoebe
2169,millicent
2170,katheryn
2171,diann
2172,carissa
2173,maryellen
2174,liz
2175,lauri
2176,helga
2177,gilda
2178,adrian
2179,rhea
2180,marquita
2181,hollie
2182,tisha
2183,tamera
2184,angelique
2185,francesca
2186,britney
2187,kaitlin
2188,lolita
2189,florine
2190,rowena
2191,reyna
2192,twila
2193,fanny
2194,janell
2195,ines
2196,concetta
2197,bertie
2198,alba
2199,brigitte
2200,alyson
2201,vonda
2202,pansy
2203,elba
2204,noelle
2205,letitia
2206,kitty
2207,deann
2208,brandie
2209,louella
2210,leta
2211,felecia
2212,sharlene
2213,lesa
2214,beverley
2215,robert
2216,isabella
2217,herminia
2218,terra
2219,celina
2220,tori
2221,octavia
2222,jade
2223,denice
2224,germaine
2225,sierra
2226,michell
2227,cortney
2228,nelly
2229,doretha
2230,sydney
2231,deidra
2232,monika
2233,lashonda
2234,judi
2235,chelsey
2236,antionette
2237,margot
2238,bobby
2239,adelaide
2240,nan
2241,leeann
2242,elisha
2243,dessie
2244,libby
2245,kathi
2246,gayla
2247,latanya
2248,mina
2249,mellisa
2250,kimberlee
2251,jasmin
2252,renae
2253,zelda
2254,elda
2255,ma
2256,justina
2257,gussie
2258,emilie
2259,camilla
2260,abbie
2261,rocio
2262,kaitlyn
2263,jesse
2264,edythe
2265,ashleigh
2266,selina
2267,lakesha
2268,geri
2269,allene
2270,pamala
2271,michaela
2272,dayna
2273,caryn
2274,rosalia
2275,sun
2276,jacquline
2277,rebeca
2278,marybeth
2279,krystle
2280,iola
2281,dottie
2282,bennie
2283,belle
2284,aubrey
2285,griselda
2286,ernestina
2287,elida
2288,adrianne
2289,demetria
2290,delma
2291,chong
2292,jaqueline
2293,destiny
2294,arleen
2295,virgina
2296,retha
2297,fatima
2298,tillie
2299,eleanore
2300,cari
2301,treva
2302,birdie
2303,wilhelmina
2304,rosalee
2305,maurine
2306,latrice
2307,yong
2308,jena
2309,taryn
2310,elia
2311,debby
2312,maudie
2313,jeanna
2314,delilah
2315,catrina
2316,shonda
2317,hortencia
2318,theodora
2319,teresita
2320,robbin
2321,danette
2322,maryjane
2323,freddie
2324,delphine
2325,brianne
2326,nilda
2327,danna
2328,cindi
2329,bess
2330,iona
2331,carmen
2332,ariel
2333,winona
2334,vida
2335,rosita
2336,marianna
2337,william
2338,racheal
2339,guillermina
2340,eloisa
2341,celestine
2342,caren
2343,malissa
2344,lona
2345,chantel
2346,shellie
2347,marisela
2348,leora
2349,agatha
2350,soledad
2351,migdalia
2352,ivette
2353,christen
2354,athena
2355,janel
2356,chloe
2357,veda
2358,pattie
2359,tessie
2360,tera
2361,marilynn
2362,lucretia
2363,karrie
2364,dinah
2365,daniela
2366,alecia
2367,adelina
2368,vernice
2369,shiela
2370,portia
2371,merry
2372,lashawn
2373,devon
2374,dara
2375,tawana
2376,oma
2377,verda
2378,christin
2379,alene
2380,zella
2381,sandi
2382,rafaela
2383,maya
2384,kira
2385,candida
2386,alvina
2387,suzan
2388,shayla
2389,lyn
2390,lettie
2391,alva
2392,samatha
2393,oralia
2394,matilde
2395,madonna
2396,larissa
2397,vesta
2398,renita
2399,india
2400,delois
2401,shanda
2402,phillis
2403,lorri
2404,erlinda
2405,cruz
2406,cathrine
2407,barb
2408,zoe
2409,isabell
2410,ione
2411,gisela
2412,charlie
2413,valencia
2414,roxanna
2415,mayme
2416,kisha
2417,ellie
2418,mellissa
2419,dorris
2420,dalia
2421,bella
2422,annetta
2423,zoila
2424,reta
2425,reina
2426,lauretta
2427,kylie
2428,christal
2429,pilar
2430,charla
2431,elissa
2432,tiffani
2433,tana
2434,paulina
2435,leota
2436,breanna
2437,jayme
2438,carmel
2439,vernell
2440,tomasa
2441,mandi
2442,dominga
2443,santa
2444,melodie
2445,lura
2446,alexa
2447,tamela
2448,ryan
2449,mirna
2450,kerrie
2451,venus
2452,noel
2453,felicita
2454,cristy
2455,carmelita
2456,berniece
2457,annemarie
2458,tiara
2459,roseanne
2460,missy
2461,cori
2462,roxana
2463,pricilla
2464,kristal
2465,jung
2466,elyse
2467,haydee
2468,aletha
2469,bettina
2470,marge
2471,gillian
2472,filomena
2473,charles
2474,zenaida
2475,harriette
2476,caridad
2477,vada
2478,una
2479,aretha
2480,pearline
2481,marjory
2482,marcela
2483,flor
2484,evette
2485,elouise
2486,alina
2487,trinidad
2488,david
2489,damaris
2490,catharine
2491,carroll
2492,belva
2493,nakia
2494,marlena
2495,luanne
2496,lorine
2497,karon
2498,dorene
2499,danita
2500,brenna
2501,tatiana
2502,sammie
2503,louann
2504,loren
2505,julianna
2506,andria
2507,philomena
2508,lucila
2509,leonora
2510,dovie
2511,romona
2512,mimi
2513,jacquelin
2514,gaye
2515,tonja
2516,misti
2517,joe
2518,gene
2519,chastity
2520,stacia
2521,roxann
2522,micaela
2523,nikita
2524,mei
2525,velda
2526,marlys
2527,johnna
2528,aura
2529,lavern
2530,ivonne
2531,hayley
2532,nicki
2533,majorie
2534,herlinda
2535,george
2536,alpha
2537,yadira
2538,perla
2539,gregoria
2540,daniel
2541,antonette
2542,shelli
2543,mozelle
2544,mariah
2545,joelle
2546,cordelia
2547,josette
2548,chiquita
2549,trista
2550,louis
2551,laquita
2552,georgiana
2553,candi
2554,shanon
2555,lonnie
2556,hildegard
2557,cecil
2558,valentina
2559,stephany
2560,magda
2561,karol
2562,gerry
2563,gabriella
2564,tiana
2565,roma
2566,richelle
2567,ray
2568,princess
2569,oleta
2570,jacque
2571,idella
2572,alaina
2573,suzanna
2574,jovita
2575,blair
2576,tosha
2577,raven
2578,nereida
2579,marlyn
2580,kyla
2581,joseph
2582,delfina
2583,tena
2584,stephenie
2585,sabina
2586,nathalie
2587,marcelle
2588,gertie
2589,darleen
2590,thea
2591,sharonda
2592,shantel
2593,belen
2594,venessa
2595,rosalina
2596,ona
2597,genoveva
2598,corey
2599,clementine
2600,rosalba
2601,renate
2602,renata
2603,mi
2604,ivory
2605,georgianna
2606,floy
2607,dorcas
2608,ariana
2609,tyra
2610,theda
2611,mariam
2612,juli
2613,jesica
2614,donnie
2615,vikki
2616,verla
2617,roselyn
2618,melvina
2619,jannette
2620,ginny
2621,debrah
2622,corrie
2623,asia
2624,violeta
2625,myrtis
2626,latricia
2627,collette
2628,charleen
2629,anissa
2630,viviana
2631,twyla
2632,precious
2633,nedra
2634,latonia
2635,lan
2636,hellen
2637,fabiola
2638,annamarie
2639,adell
2640,sharyn
2641,chantal
2642,niki
2643,maud
2644,lizette
2645,lindy
2646,kia
2647,kesha
2648,jeana
2649,danelle
2650,charline
2651,chanel
2652,carrol
2653,valorie
2654,lia
2655,dortha
2656,cristal
2657,sunny
2658,leone
2659,leilani
2660,gerri
2661,debi
2662,andra
2663,keshia
2664,ima
2665,eulalia
2666,easter
2667,dulce
2668,natividad
2669,linnie
2670,kami
2671,georgie
2672,catina
2673,brook
2674,alda
2675,winnifred
2676,sharla
2677,ruthann
2678,meaghan
2679,magdalene
2680,lissette
2681,adelaida
2682,venita
2683,trena
2684,shirlene
2685,shameka
2686,elizebeth
2687,dian
2688,shanta
2689,mickey
2690,latosha
2691,carlotta
2692,windy
2693,soon
2694,rosina
2695,mariann
2696,leisa
2697,jonnie
2698,dawna
2699,cathie
2700,billy
2701,astrid
2702,sidney
2703,laureen
2704,janeen
2705,holli
2706,fawn
2707,vickey
2708,teressa
2709,shante
2710,rubye
2711,marcelina
2712,chanda
2713,cary
2714,terese
2715,scarlett
2716,marty
2717,marnie
2718,lulu
2719,lisette
2720,jeniffer
2721,elenor
2722,dorinda
2723,donita
2724,carman
2725,bernita
2726,altagracia
2727,aleta
2728,adrianna
2729,zoraida
2730,ronnie
2731,nicola
2732,lyndsey
2733,kendall
2734,janina
2735,chrissy
2736,ami
2737,starla
2738,phylis
2739,phuong
2740,kyra
2741,charisse
2742,blanch
2743,sanjuanita
2744,rona
2745,nanci
2746,marilee
2747,maranda
2748,cory
2749,brigette
2750,sanjuana
2751,marita
2752,kassandra
2753,joycelyn
2754,ira
2755,felipa
2756,chelsie
2757,bonny
2758,mireya
2759,lorenza
2760,kyong
2761,ileana
2762,candelaria
2763,tony
2764,toby
2765,sherie
2766,ok
2767,mark
2768,lucie
2769,leatrice
2770,lakeshia
2771,gerda
2772,edie
2773,bambi
2774,marylin
2775,lavon
2776,hortense
2777,garnet
2778,evie
2779,tressa
2780,shayna
2781,lavina
2782,kyung
2783,jeanetta
2784,sherrill
2785,shara
2786,phyliss
2787,mittie
2788,anabel
2789,alesia
2790,thuy
2791,tawanda
2792,richard
2793,joanie
2794,tiffanie
2795,lashanda
2796,karissa
2797,enriqueta
2798,daria
2799,daniella
2800,corinna
2801,alanna
2802,abbey
2803,roxane
2804,roseanna
2805,magnolia
2806,lida
2807,kyle
2808,joellen
2809,era
2810,coral
2811,carleen
2812,tresa
2813,peggie
2814,novella
2815,nila
2816,maybelle
2817,jenelle
2818,carina
2819,nova
2820,melina
2821,marquerite
2822,margarette
2823,josephina
2824,evonne
2825,devin
2826,cinthia
2827,albina
2828,toya
2829,tawnya
2830,sherita
2831,santos
2832,myriam
2833,lizabeth
2834,lise
2835,keely
2836,jenni
2837,giselle
2838,cheryle
2839,ardith
2840,ardis
2841,alesha
2842,adriane
2843,shaina
2844,linnea
2845,karolyn
2846,hong
2847,florida
2848,felisha
2849,dori
2850,darci
2851,artie
2852,armida
2853,zola
2854,xiomara
2855,vergie
2856,shamika
2857,nena
2858,nannette
2859,maxie
2860,lovie
2861,jeane
2862,jaimie
2863,inge
2864,farrah
2865,elaina
2866,caitlyn
2867,starr
2868,felicitas
2869,cherly
2870,caryl
2871,yolonda
2872,yasmin
2873,teena
2874,prudence
2875,pennie
2876,nydia
2877,mackenzie
2878,orpha
2879,marvel
2880,lizbeth
2881,laurette
2882,jerrie
2883,hermelinda
2884,carolee
2885,tierra
2886,mirian
2887,meta
2888,melony
2889,kori
2890,jennette
2891,jamila
2892,ena
2893,anh
2894,yoshiko
2895,susannah
2896,salina
2897,rhiannon
2898,joleen
2899,cristine
2900,ashton
2901,aracely
2902,tomeka
2903,shalonda
2904,marti
2905,lacie
2906,kala
2907,jada
2908,ilse
2909,hailey
2910,brittani
2911,zona
2912,syble
2913,sherryl
2914,randy
2915,nidia
2916,marlo
2917,kandice
2918,kandi
2919,deb
2920,dean
2921,america
2922,alycia
2923,tommy
2924,ronna
2925,norene
2926,mercy
2927,jose
2928,ingeborg
2929,giovanna
2930,gemma
2931,christel
2932,audry
2933,zora
2934,vita
2935,van
2936,trish
2937,stephaine
2938,shirlee
2939,shanika
2940,melonie
2941,mazie
2942,jazmin
2943,inga
2944,hoa
2945,hettie
2946,geralyn
2947,fonda
2948,estrella
2949,adella
2950,su
2951,sarita
2952,rina
2953,milissa
2954,maribeth
2955,golda
2956,evon
2957,ethelyn
2958,enedina
2959,cherise
2960,chana
2961,velva
2962,tawanna
2963,sade
2964,mirta
2965,li
2966,karie
2967,jacinta
2968,elna
2969,davina
2970,cierra
2971,ashlie
2972,albertha
2973,tanesha
2974,stephani
2975,nelle
2976,mindi
2977,lu
2978,lorinda
2979,larue
2980,florene
2981,demetra
2982,dedra
2983,ciara
2984,chantelle
2985,ashly
2986,suzy
2987,rosalva
2988,noelia
2989,lyda
2990,leatha
2991,krystyna
2992,kristan
2993,karri
2994,darline
2995,darcie
2996,cinda
2997,cheyenne
2998,cherrie
2999,awilda
3000,almeda
3001,rolanda
3002,lanette
3003,jerilyn
3004,gisele
3005,evalyn
3006,cyndi
3007,cleta
3008,carin
3009,zina
3010,zena
3011,velia
3012,tanika
3013,paul
3014,charissa
3015,thomas
3016,talia
3017,margarete
3018,lavonda
3019,kaylee
3020,kathlene
3021,jonna
3022,irena
3023,ilona
3024,idalia
3025,candis
3026,candance
3027,brandee
3028,anitra
3029,alida
3030,sigrid
3031,nicolette
3032,maryjo
3033,linette
3034,hedwig
3035,christiana
3036,cassidy
3037,alexia
3038,tressie
3039,modesta
3040,lupita
3041,lita
3042,gladis
3043,evelia
3044,davida
3045,cherri
3046,cecily
3047,ashely
3048,annabel
3049,agustina
3050,wanita
3051,shirly
3052,rosaura
3053,hulda
3054,eun
3055,bailey
3056,yetta
3057,verona
3058,thomasina
3059,sibyl
3060,shannan
3061,mechelle
3062,lue
3063,leandra
3064,lani
3065,kylee
3066,kandy
3067,jolynn
3068,ferne
3069,eboni
3070,corene
3071,alysia
3072,zula
3073,nada
3074,moira
3075,lyndsay
3076,lorretta
3077,juan
3078,jammie
3079,hortensia
3080,gaynell
3081,cameron
3082,adria
3083,vina
3084,vicenta
3085,tangela
3086,stephine
3087,norine
3088,nella
3089,liana
3090,leslee
3091,kimberely
3092,iliana
3093,glory
3094,felica
3095,emogene
3096,elfriede
3097,eden
3098,eartha
3099,carma
3100,bea
3101,ocie
3102,marry
3103,lennie
3104,kiara
3105,jacalyn
3106,carlota
3107,arielle
3108,yu
3109,star
3110,otilia
3111,kirstin
3112,kacey
3113,johnetta
3114,joey
3115,joetta
3116,jeraldine
3117,jaunita
3118,elana
3119,dorthea
3120,cami
3121,amada
3122,adelia
3123,vernita
3124,tamar
3125,siobhan
3126,renea
3127,rashida
3128,ouida
3129,odell
3130,nilsa
3131,meryl
3132,kristyn
3133,julieta
3134,danica
3135,breanne
3136,aurea
3137,anglea
3138,sherron
3139,odette
3140,malia
3141,lorelei
3142,lin
3143,leesa
3144,kenna
3145,kathlyn
3146,fiona
3147,charlette
3148,suzie
3149,shantell
3150,sabra
3151,racquel
3152,myong
3153,mira
3154,martine
3155,lucienne
3156,lavada
3157,juliann
3158,johnie
3159,elvera
3160,delphia
3161,clair
3162,christiane
3163,charolette
3164,carri
3165,augustine
3166,asha
3167,angella
3168,paola
3169,ninfa
3170,leda
3171,lai
3172,eda
3173,sunshine
3174,stefani
3175,shanell
3176,palma
3177,machelle
3178,lissa
3179,kecia
3180,kathryne
3181,karlene
3182,julissa
3183,jettie
3184,jenniffer
3185,hui
3186,corrina
3187,christopher
3188,carolann
3189,alena
3190,tess
3191,rosaria
3192,myrtice
3193,marylee
3194,liane
3195,kenyatta
3196,judie
3197,janey
3198,in
3199,elmira
3200,eldora
3201,denna
3202,cristi
3203,cathi
3204,zaida
3205,vonnie
3206,viva
3207,vernie
3208,rosaline
3209,mariela
3210,luciana
3211,lesli
3212,karan
3213,felice
3214,deneen
3215,adina
3216,wynona
3217,tarsha
3218,sheron
3219,shasta
3220,shanita
3221,shani
3222,shandra
3223,randa
3224,pinkie
3225,paris
3226,nelida
3227,marilou
3228,lyla
3229,laurene
3230,laci
3231,joi
3232,janene
3233,dorotha
3234,daniele
3235,dani
3236,carolynn
3237,carlyn
3238,berenice
3239,ayesha
3240,anneliese
3241,alethea
3242,thersa
3243,tamiko
3244,rufina
3245,oliva
3246,mozell
3247,marylyn
3248,madison
3249,kristian
3250,kathyrn
3251,kasandra
3252,kandace
3253,janae
3254,gabriel
3255,domenica
3256,debbra
3257,dannielle
3258,chun
3259,buffy
3260,barbie
3261,arcelia
3262,aja
3263,zenobia
3264,sharen
3265,sharee
3266,patrick
3267,page
3268,my
3269,lavinia
3270,kum
3271,kacie
3272,jackeline
3273,huong
3274,felisa
3275,emelia
3276,eleanora
3277,cythia
3278,cristin
3279,clyde
3280,claribel
3281,caron
3282,anastacia
3283,zulma
3284,zandra
3285,yoko
3286,tenisha
3287,susann
3288,sherilyn
3289,shay
3290,shawanda
3291,sabine
3292,romana
3293,mathilda
3294,linsey
3295,keiko
3296,joana
3297,isela
3298,gretta
3299,georgetta
3300,eugenie
3301,dusty
3302,desirae
3303,delora
3304,corazon
3305,antonina
3306,anika
3307,willene
3308,tracee
3309,tamatha
3310,regan
3311,nichelle
3312,mickie
3313,maegan
3314,luana
3315,lanita
3316,kelsie
3317,edelmira
3318,bree
3319,afton
3320,teodora
3321,tamie
3322,shena
3323,meg
3324,linh
3325,keli
3326,kaci
3327,danyelle
3328,britt
3329,arlette
3330,albertine
3331,adelle
3332,tiffiny
3333,stormy
3334,simona
3335,numbers
3336,nicolasa
3337,nichol
3338,nia
3339,nakisha
3340,mee
3341,maira
3342,loreen
3343,kizzy
3344,johnny
3345,jay
3346,fallon
3347,christene
3348,bobbye
3349,anthony
3350,ying
3351,vincenza
3352,tanja
3353,rubie
3354,roni
3355,queenie
3356,margarett
3357,kimberli
3358,irmgard
3359,idell
3360,hilma
3361,evelina
3362,esta
3363,emilee
3364,dennise
3365,dania
3366,carl
3367,carie
3368,antonio
3369,wai
3370,sang
3371,risa
3372,rikki
3373,particia
3374,mui
3375,masako
3376,mario
3377,luvenia
3378,loree
3379,loni
3380,lien
3381,kevin
3382,gigi
3383,florencia
3384,dorian
3385,denita
3386,dallas
3387,chi
3388,billye
3389,alexander
3390,tomika
3391,sharita
3392,rana
3393,nikole
3394,neoma
3395,margarite
3396,madalyn
3397,lucina
3398,laila
3399,kali
3400,jenette
3401,gabriele
3402,evelyne
3403,elenora
3404,clementina
3405,alejandrina
3406,zulema
3407,violette
3408,vannessa
3409,thresa
3410,retta
3411,pia
3412,patience
3413,noella
3414,nickie
3415,jonell
3416,delta
3417,chung
3418,chaya
3419,camelia
3420,bethel
3421,anya
3422,andrew
3423,thanh
3424,suzann
3425,spring
3426,shu
3427,mila
3428,lilla
3429,laverna
3430,keesha
3431,kattie
3432,gia
3433,georgene
3434,eveline
3435,estell
3436,elizbeth
3437,vivienne
3438,vallie
3439,trudie
3440,stephane
3441,michel
3442,magaly
3443,madie
3444,kenyetta
3445,karren
3446,janetta
3447,hermine
3448,harmony
3449,drucilla
3450,debbi
3451,celestina
3452,candie
3453,britni
3454,beckie
3455,amina
3456,zita
3457,yun
3458,yolande
3459,vivien
3460,vernetta
3461,trudi
3462,sommer
3463,pearle
3464,patrina
3465,ossie
3466,nicolle
3467,loyce
3468,letty
3469,larisa
3470,katharina
3471,joselyn
3472,jonelle
3473,jenell
3474,iesha
3475,heide
3476,florinda
3477,florentina
3478,flo
3479,elodia
3480,dorine
3481,brunilda
3482,brigid
3483,ashli
3484,ardella
3485,twana
3486,thu
3487,tarah
3488,sung
3489,shea
3490,shavon
3491,shane
3492,serina
3493,rayna
3494,ramonita
3495,nga
3496,margurite
3497,lucrecia
3498,kourtney
3499,kati
3500,jesus
3501,jesenia
3502,diamond
3503,crista
3504,ayana
3505,alica
3506,alia
3507,vinnie
3508,suellen
3509,romelia
3510,rachell
3511,piper
3512,olympia
3513,michiko
3514,kathaleen
3515,jolie
3516,jessi
3517,janessa
3518,hana
3519,ha
3520,elease
3521,carletta
3522,britany
3523,shona
3524,salome
3525,rosamond
3526,regena
3527,raina
3528,ngoc
3529,nelia
3530,louvenia
3531,lesia
3532,latrina
3533,laticia
3534,larhonda
3535,jina
3536,jacki
3537,hollis
3538,holley
3539,emmy
3540,deeann
3541,coretta
3542,arnetta
3543,velvet
3544,thalia
3545,shanice
3546,neta
3547,mikki
3548,micki
3549,lonna
3550,leana
3551,lashunda
3552,kiley
3553,joye
3554,jacqulyn
3555,ignacia
3556,hyun
3557,hiroko
3558,henry
3559,henriette
3560,elayne
3561,delinda
3562,darnell
3563,dahlia
3564,coreen
3565,consuela
3566,conchita
3567,celine
3568,babette
3569,ayanna
3570,anette
3571,albertina
3572,skye
3573,shawnee
3574,shaneka
3575,quiana
3576,pamelia
3577,min
3578,merri
3579,merlene
3580,margit
3581,kiesha
3582,kiera
3583,kaylene
3584,jodee
3585,jenise
3586,erlene
3587,emmie
3588,else
3589,daryl
3590,dalila
3591,daisey
3592,cody
3593,casie
3594,belia
3595,babara
3596,versie
3597,vanesa
3598,shelba
3599,shawnda
3600,sam
3601,norman
3602,nikia
3603,naoma
3604,marna
3605,margeret
3606,madaline
3607,lawana
3608,kindra
3609,jutta
3610,jazmine
3611,janett
3612,hannelore
3613,glendora
3614,gertrud
3615,garnett
3616,freeda
3617,frederica
3618,florance
3619,flavia
3620,dennis
3621,carline
3622,beverlee
3623,anjanette
3624,valda
3625,trinity
3626,tamala
3627,stevie
3628,shonna
3629,sha
3630,sarina
3631,oneida
3632,micah
3633,merilyn
3634,marleen
3635,lurline
3636,lenna
3637,katherin
3638,jin
3639,jeni
3640,hae
3641,gracia
3642,glady
3643,farah
3644,eric
3645,enola
3646,ema
3647,dominque
3648,devona
3649,delana
3650,cecila
3651,caprice
3652,alysha
3653,ali
3654,alethia
3655,vena
3656,theresia
3657,tawny
3658,song
3659,shakira
3660,samara
3661,sachiko
3662,rachele
3663,pamella
3664,nicky
3665,marni
3666,mariel
3667,maren
3668,malisa
3669,ligia
3670,lera
3671,latoria
3672,larae
3673,kimber
3674,kathern
3675,karey
3676,jennefer
3677,janeth
3678,halina
3679,fredia
3680,delisa
3681,debroah
3682,ciera
3683,chin
3684,angelika
3685,andree
3686,altha
3687,yen
3688,vivan
3689,terresa
3690,tanna
3691,suk
3692,sudie
3693,soo
3694,signe
3695,salena
3696,ronni
3697,rebbecca
3698,myrtie
3699,mckenzie
3700,malika
3701,maida
3702,loan
3703,leonarda
3704,kayleigh
3705,france
3706,ethyl
3707,ellyn
3708,dayle
3709,cammie
3710,brittni
3711,birgit
3712,avelina
3713,asuncion
3714,arianna
3715,akiko
3716,venice
3717,tyesha
3718,tonie
3719,tiesha
3720,takisha
3721,steffanie
3722,sindy
3723,santana
3724,meghann
3725,manda
3726,macie
3727,lady
3728,kellye
3729,kellee
3730,joslyn
3731,jason
3732,inger
3733,indira
3734,glinda
3735,glennis
3736,fernanda
3737,faustina
3738,eneida
3739,elicia
3740,dot
3741,digna
3742,dell
3743,arletta
3744,andre
3745,willia
3746,tammara
3747,tabetha
3748,sherrell
3749,sari
3750,refugio
3751,rebbeca
3752,pauletta
3753,nieves
3754,natosha
3755,nakita
3756,mammie
3757,kenisha
3758,kazuko
3759,kassie
3760,gary
3761,earlean
3762,daphine
3763,corliss
3764,clotilde
3765,carolyne
3766,bernetta
3767,augustina
3768,audrea
3769,annis
3770,annabell
3771,yan
3772,tennille
3773,tamica
3774,selene
3775,sean
3776,rosana
3777,regenia
3778,qiana
3779,markita
3780,macy
3781,leeanne
3782,laurine
3783,kym
3784,jessenia
3785,janita
3786,georgine
3787,genie
3788,emiko
3789,elvie
3790,deandra
3791,dagmar
3792,corie
3793,collen
3794,cherish
3795,romaine
3796,porsha
3797,pearlene
3798,micheline
3799,merna
3800,margorie
3801,margaretta
3802,lore
3803,kenneth
3804,jenine
3805,hermina
3806,fredericka
3807,elke
3808,drusilla
3809,dorathy
3810,dione
3811,desire
3812,celena
3813,brigida
3814,angeles
3815,allegra
3816,theo
3817,tamekia
3818,synthia
3819,stephen
3820,sook
3821,slyvia
3822,rosann
3823,reatha
3824,raye
3825,marquetta
3826,margart
3827,ling
3828,layla
3829,kymberly
3830,kiana
3831,kayleen
3832,katlyn
3833,karmen
3834,joella
3835,irina
3836,emelda
3837,eleni
3838,detra
3839,clemmie
3840,cheryll
3841,chantell
3842,cathey
3843,arnita
3844,arla
3845,angle
3846,angelic
3847,alyse
3848,zofia
3849,thomasine
3850,tennie
3851,son
3852,sherly
3853,sherley
3854,sharyl
3855,remedios
3856,petrina
3857,nickole
3858,myung
3859,myrle
3860,mozella
3861,louanne
3862,lisha
3863,latia
3864,lane
3865,krysta
3866,julienne
3867,joel
3868,jeanene
3869,jacqualine
3870,isaura
3871,gwenda
3872,earleen
3873,donald
3874,cleopatra
3875,carlie
3876,audie
3877,antonietta
3878,alise
3879,alex
3880,verdell
3881,val
3882,tyler
3883,tomoko
3884,thao
3885,talisha
3886,steven
3887,so
3888,shemika
3889,shaun
3890,scarlet
3891,savanna
3892,santina
3893,rosia
3894,raeann
3895,odilia
3896,nana
3897,minna
3898,magan
3899,lynelle
3900,le
3901,karma
3902,joeann
3903,ivana
3904,inell
3905,ilana
3906,hye
3907,honey
3908,hee
3909,gudrun
3910,frank
3911,dreama
3912,crissy
3913,chante
3914,carmelina
3915,arvilla
3916,arthur
3917,annamae
3918,alvera
3919,aleida
3920,aaron
3921,yee
3922,yanira
3923,vanda
3924,tianna
3925,tam
3926,stefania
3927,shira
3928,perry
3929,nicol
3930,nancie
3931,monserrate
3932,minh
3933,melynda
3934,melany
3935,matthew
3936,lovella
3937,laure
3938,kirby
3939,kacy
3940,jacquelynn
3941,hyon
3942,gertha
3943,francisco
3944,eliana
3945,christena
3946,christeen
3947,charise
3948,caterina
3949,carley
3950,candyce
3951,arlena
3952,ammie
3953,yang
3954,willette
3955,vanita
3956,tuyet
3957,tiny
3958,syreeta
3959,silva
3960,scott
3961,ronald
3962,penney
3963,nyla
3964,michal
3965,maurice
3966,maryam
3967,marya
3968,magen
3969,ludie
3970,loma
3971,livia
3972,lanell
3973,kimberlie
3974,julee
3975,donetta
3976,diedra
3977,denisha
3978,deane
3979,dawne
3980,clarine
3981,cherryl
3982,bronwyn
3983,brandon
3984,alla
3985,valery
3986,tonda
3987,sueann
3988,soraya
3989,shoshana
3990,shela
3991,sharleen
3992,shanelle
3993,nerissa
3994,micheal
3995,meridith
3996,mellie
3997,maye
3998,maple
3999,magaret
4000,luis
4001,lili
4002,leonila
4003,leonie
4004,leeanna
4005,lavonia
4006,lavera
4007,kristel
4008,kathey
4009,kathe
4010,justin
4011,julian
4012,jimmy
4013,jann
4014,ilda
4015,hildred
4016,hildegarde
4017,genia
4018,fumiko
4019,evelin
4020,ermelinda
4021,elly
4022,dung
4023,doloris
4024,dionna
4025,danae
4026,berneice
4027,annice
4028,alix
4029,verena
4030,verdie
4031,tristan
4032,shawnna
4033,shawana
4034,shaunna
4035,rozella
4036,randee
4037,ranae
4038,milagro
4039,lynell
4040,luise
4041,louie
4042,loida
4043,lisbeth
4044,karleen
4045,junita
4046,jona
4047,isis
4048,hyacinth
4049,hedy
4050,gwenn
4051,ethelene
4052,erline
4053,edward
4054,donya
4055,domonique
4056,delicia
4057,dannette
4058,cicely
4059,branda
4060,blythe
4061,bethann
4062,ashlyn
4063,annalee
4064,alline
4065,yuko
4066,vella
4067,trang
4068,towanda
4069,tesha
4070,sherlyn
4071,narcisa
4072,miguelina
4073,meri
4074,maybell
4075,marlana
4076,marguerita
4077,madlyn
4078,luna
4079,lory
4080,loriann
4081,liberty
4082,leonore
4083,leighann
4084,laurice
4085,latesha
4086,laronda
4087,katrice
4088,kasie
4089,karl
4090,kaley
4091,jadwiga
4092,glennie
4093,gearldine
4094,francina
4095,epifania
4096,dyan
4097,dorie
4098,diedre
4099,denese
4100,demetrice
4101,delena
4102,darby
4103,cristie
4104,cleora
4105,catarina
4106,carisa
4107,bernie
4108,barbera
4109,almeta
4110,trula
4111,tereasa
4112,solange
4113,sheilah
4114,shavonne
4115,sanora
4116,rochell
4117,mathilde
4118,margareta
4119,maia
4120,lynsey
4121,lawanna
4122,launa
4123,kena
4124,keena
4125,katia
4126,jamey
4127,glynda
4128,gaylene
4129,elvina
4130,elanor
4131,danuta
4132,danika
4133,cristen
4134,cordie
4135,coletta
4136,clarita
4137,carmon
4138,brynn
4139,azucena
4140,aundrea
4141,angele
4142,yi
4143,walter
4144,verlie
4145,verlene
4146,tamesha
4147,silvana
4148,sebrina
4149,samira
4150,reda
4151,raylene
4152,penni
4153,pandora
4154,norah
4155,noma
4156,mireille
4157,melissia
4158,maryalice
4159,laraine
4160,kimbery
4161,karyl
4162,karine
4163,kam
4164,jolanda
4165,johana
4166,jesusa
4167,jaleesa
4168,jae
4169,jacquelyne
4170,irish
4171,iluminada
4172,hilaria
4173,hanh
4174,gennie
4175,francie
4176,floretta
4177,exie
4178,edda
4179,drema
4180,delpha
4181,bev
4182,barbar
4183,assunta
4184,ardell
4185,annalisa
4186,alisia
4187,yukiko
4188,yolando
4189,wonda
4190,wei
4191,waltraud
4192,veta
4193,tequila
4194,temeka
4195,tameika
4196,shirleen
4197,shenita
4198,piedad
4199,ozella
4200,mirtha
4201,marilu
4202,kimiko
4203,juliane
4204,jenice
4205,jen
4206,janay
4207,jacquiline
4208,hilde
4209,fe
4210,fae
4211,evan
4212,eugene
4213,elois
4214,echo
4215,devorah
4216,chau
4217,brinda
4218,betsey
4219,arminda
4220,aracelis
4221,apryl
4222,annett
4223,alishia
4224,veola
4225,usha
4226,toshiko
4227,theola
4228,tashia
4229,talitha
4230,shery
4231,rudy
4232,renetta
4233,reiko
4234,rasheeda
4235,omega
4236,obdulia
4237,mika
4238,melaine
4239,meggan
4240,martin
4241,marlen
4242,marget
4243,marceline
4244,mana
4245,magdalen
4246,librada
4247,lezlie
4248,lexie
4249,latashia
4250,lasandra
4251,kelle
4252,isidra
4253,isa
4254,inocencia
4255,gwyn
4256,francoise
4257,erminia
4258,erinn
4259,dimple
4260,devora
4261,criselda
4262,armanda
4263,arie
4264,ariane
4265,angelo
4266,angelena
4267,allen
4268,aliza
4269,adriene
4270,adaline
4271,xochitl
4272,twanna
4273,tran
4274,tomiko
4275,tamisha
4276,taisha
4277,susy
4278,siu
4279,rutha
4280,roxy
4281,rhona
4282,raymond
4283,otha
4284,noriko
4285,natashia
4286,merrie
4287,melvin
4288,marinda
4289,mariko
4290,margert
4291,loris
4292,lizzette
4293,leisha
4294,kaila
4295,ka
4296,joannie
4297,jerrica
4298,jene
4299,jannet
4300,janee
4301,jacinda
4302,herta
4303,elenore
4304,doretta
4305,delaine
4306,daniell
4307,claudie
4308,china
4309,britta
4310,apolonia
4311,amberly
4312,alease
4313,yuri
4314,yuk
4315,wen
4316,waneta
4317,ute
4318,tomi
4319,sharri
4320,sandie
4321,roselle
4322,reynalda
4323,raguel
4324,phylicia
4325,patria
4326,olimpia
4327,odelia
4328,mitzie
4329,mitchell
4330,miss
4331,minda
4332,mignon
4333,mica
4334,mendy
4335,marivel
4336,maile
4337,lynetta
4338,lavette
4339,lauryn
4340,latrisha
4341,lakiesha
4342,kiersten
4343,kary
4344,josphine
4345,jolyn
4346,jetta
4347,janise
4348,jacquie
4349,ivelisse
4350,glynis
4351,gianna
4352,gaynelle
4353,emerald
4354,demetrius
4355,danyell
4356,danille
4357,dacia
4358,coralee
4359,cher
4360,ceola
4361,brett
4362,bell
4363,arianne
4364,aleshia
4365,yung
4366,williemae
4367,troy
4368,trinh
4369,thora
4370,tai
4371,svetlana
4372,sherika
4373,shemeka
4374,shaunda
4375,roseline
4376,ricki
4377,melda
4378,mallie
4379,lavonna
4380,latina
4381,larry
4382,laquanda
4383,lala
4384,lachelle
4385,klara
4386,kandis
4387,johna
4388,jeanmarie
4389,jaye
4390,hang
4391,grayce
4392,gertude
4393,emerita
4394,ebonie
4395,clorinda
4396,ching
4397,chery
4398,carola
4399,breann
4400,blossom
4401,bernardine
4402,becki
4403,arletha
4404,argelia
4405,ara
4406,alita
4407,yulanda
4408,yon
4409,yessenia
4410,tobi
4411,tasia
4412,sylvie
4413,shirl
4414,shirely
4415,sheridan
4416,shella
4417,shantelle
4418,sacha
4419,royce
4420,rebecka
4421,reagan
4422,providencia
4423,paulene
4424,misha
4425,miki
4426,marline
4427,marica
4428,lorita
4429,latoyia
4430,lasonya
4431,kerstin
4432,kenda
4433,keitha
4434,kathrin
4435,jaymie
4436,jack
4437,gricelda
4438,ginette
4439,eryn
4440,elina
4441,elfrieda
4442,danyel
4443,cheree
4444,chanelle
4445,barrie
4446,avery
4447,aurore
4448,annamaria
4449,alleen
4450,ailene
4451,aide
4452,yasmine
4453,vashti
4454,valentine
4455,treasa
4456,tory
4457,tiffaney
4458,sheryll
4459,sharie
4460,shanae
4461,sau
4462,raisa
4463,pa
4464,neda
4465,mitsuko
4466,mirella
4467,milda
4468,maryanna
4469,maragret
4470,mabelle
4471,luetta
4472,lorina
4473,letisha
4474,latarsha
4475,lanelle
4476,lajuana
4477,krissy
4478,karly
4479,karena
4480,jon
4481,jessika
4482,jerica
4483,jeanelle
4484,january
4485,jalisa
4486,jacelyn
4487,izola
4488,ivey
4489,gregory
4490,euna
4491,etha
4492,drew
4493,domitila
4494,dominica
4495,daina
4496,creola
4497,carli
4498,camie
4499,bunny
4500,brittny
4501,ashanti
4502,anisha
4503,aleen
4504,adah
4505,yasuko
4506,winter
4507,viki
4508,valrie
4509,tona
4510,tinisha
4511,thi
4512,terisa
4513,tatum
4514,taneka
4515,simonne
4516,shalanda
4517,serita
4518,ressie
4519,refugia
4520,paz
4521,olene
4522,na
4523,merrill
4524,margherita
4525,mandie
4526,man
4527,maire
4528,lyndia
4529,luci
4530,lorriane
4531,loreta
4532,leonia
4533,lavona
4534,lashawnda
4535,lakia
4536,kyoko
4537,krystina
4538,krysten
4539,kenia
4540,kelsi
4541,jude
4542,jeanice
4543,isobel
4544,georgiann
4545,genny
4546,felicidad
4547,eilene
4548,deon
4549,deloise
4550,deedee
4551,dannie
4552,conception
4553,clora
4554,cherilyn
4555,chang
4556,calandra
4557,berry
4558,armandina
4559,anisa
4560,ula
4561,timothy
4562,tiera
4563,theressa
4564,stephania
4565,sima
4566,shyla
4567,shonta
4568,shera
4569,shaquita
4570,shala
4571,sammy
4572,rossana
4573,nohemi
4574,nery
4575,moriah
4576,melita
4577,melida
4578,melani
4579,marylynn
4580,marisha
4581,mariette
4582,malorie
4583,madelene
4584,ludivina
4585,loria
4586,lorette
4587,loralee
4588,lianne
4589,leon
4590,lavenia
4591,laurinda
4592,lashon
4593,kit
4594,kimi
4595,keila
4596,katelynn
4597,kai
4598,jone
4599,joane
4600,ji
4601,jayna
4602,janella
4603,ja
4604,hue
4605,hertha
4606,francene
4607,elinore
4608,despina
4609,delsie
4610,deedra
4611,clemencia
4612,carry
4613,carolin
4614,carlos
4615,bulah
4616,brittanie
4617,bok
4618,blondell
4619,bibi
4620,beaulah
4621,beata
4622,annita
4623,agripina
4624,virgen
4625,valene
4626,un
4627,twanda
4628,tommye
4629,toi
4630,tarra
4631,tari
4632,tammera
4633,shakia
4634,sadye
4635,ruthanne
4636,rochel
4637,rivka
4638,pura
4639,nenita
4640,natisha
4641,ming
4642,merrilee
4643,melodee
4644,marvis
4645,lucilla
4646,leena
4647,laveta
4648,larita
4649,lanie
4650,keren
4651,ileen
4652,georgeann
4653,genna
4654,genesis
4655,frida
4656,ewa
4657,eufemia
4658,emely
4659,ela
4660,edyth
4661,deonna
4662,deadra
4663,darlena
4664,chanell
4665,chan
4666,cathern
4667,cassondra
4668,cassaundra
4669,bernarda
4670,berna
4671,arlinda
4672,anamaria
4673,albert
4674,wesley
4675,vertie
4676,valeri
4677,torri
4678,tatyana
4679,stasia
4680,sherise
4681,sherill
4682,season
4683,scottie
4684,sanda
4685,ruthe
4686,rosy
4687,roberto
4688,robbi
4689,ranee
4690,quyen
4691,pearly
4692,palmira
4693,onita
4694,nisha
4695,niesha
4696,nida
4697,nevada
4698,nam
4699,merlyn
4700,mayola
4701,marylouise
4702,maryland
4703,marx
4704,marth
4705,margene
4706,madelaine
4707,londa
4708,leontine
4709,leoma
4710,leia
4711,lawrence
4712,lauralee
4713,lanora
4714,lakita
4715,kiyoko
4716,keturah
4717,katelin
4718,kareen
4719,jonie
4720,johnette
4721,jenee
4722,jeanett
4723,izetta
4724,hiedi
4725,heike
4726,hassie
4727,harold
4728,giuseppina
4729,georgann
4730,fidela
4731,fernande
4732,elwanda
4733,ellamae
4734,eliz
4735,dusti
4736,dotty
4737,cyndy
4738,coralie
4739,celesta
4740,argentina
4741,alverta
4742,xenia
4743,wava
4744,vanetta
4745,torrie
4746,tashina
4747,tandy
4748,tambra
4749,tama
4750,stepanie
4751,shila
4752,shaunta
4753,sharan
4754,shaniqua
4755,shae
4756,setsuko
4757,serafina
4758,sandee
4759,rosamaria
4760,priscila
4761,olinda
4762,nadene
4763,muoi
4764,michelina
4765,mercedez
4766,maryrose
4767,marin
4768,marcene
4769,mao
4770,magali
4771,mafalda
4772,logan
4773,linn
4774,lannie
4775,kayce
4776,karoline
4777,kamilah
4778,kamala
4779,justa
4780,joline
4781,jennine
4782,jacquetta
4783,iraida
4784,gerald
4785,georgeanna
4786,franchesca
4787,fairy
4788,emeline
4789,elane
4790,ehtel
4791,earlie
4792,dulcie
4793,dalene
4794,cris
4795,classie
4796,chere
4797,charis
4798,caroyln
4799,carmina
4800,carita
4801,brian
4802,bethanie
4803,ayako
4804,arica
4805,an
4806,alysa
4807,alessandra
4808,akilah
4809,adrien
4810,zetta
4811,youlanda
4812,yelena
4813,yahaira
4814,xuan
4815,wendolyn
4816,victor
4817,tijuana
4818,terrell
4819,terina
4820,teresia
4821,suzi
4822,sunday
4823,sherell
4824,shavonda
4825,diego
4826,sharda
4827,shakita
4828,sena
4829,ryann
4830,rubi
4831,riva
4832,reginia
4833,rea
4834,rachal
4835,parthenia
4836,pamula
4837,monnie
4838,monet
4839,michaele
4840,melia
4841,marine
4842,malka
4843,maisha
4844,lisandra
4845,leo
4846,lekisha
4847,lean
4848,laurence
4849,lakendra
4850,krystin
4851,kortney
4852,kizzie
4853,kittie
4854,kera
4855,kendal
4856,kemberly
4857,kanisha
4858,julene
4859,jule
4860,joshua
4861,johanne
4862,jeffrey
4863,jamee
4864,han
4865,halley
4866,gidget
4867,galina
4868,fredricka
4869,fleta
4870,fatimah
4871,eusebia
4872,elza
4873,eleonore
4874,dorthey
4875,doria
4876,donella
4877,dinorah
4878,delorse
4879,claretha
4880,christinia
4881,charlyn
4882,bong
4883,belkis
4884,azzie
4885,andera
4886,aiko
4887,adena
4888,yer
4889,yajaira
4890,wan
4891,vania
4892,ulrike
4893,toshia
4894,tifany
4895,stefany
4896,shizue
4897,shenika
4898,shawanna
4899,sharolyn
4900,sharilyn
4901,shaquana
4902,shantay
4903,see
4904,rozanne
4905,roselee
4906,rickie
4907,remona
4908,reanna
4909,raelene
4910,quinn
4911,phung
4912,petronila
4913,natacha
4914,nancey
4915,myrl
4916,miyoko
4917,miesha
4918,merideth
4919,marvella
4920,marquitta
4921,marhta
4922,marchelle
4923,lizeth
4924,libbie
4925,lahoma
4926,ladawn
4927,kina
4928,katheleen
4929,katharyn
4930,karisa
4931,kaleigh
4932,junie
4933,julieann
4934,johnsie
4935,janean
4936,jaimee
4937,jackqueline
4938,hisako
4939,herma
4940,helaine
4941,gwyneth
4942,glenn
4943,gita
4944,eustolia
4945,emelina
4946,elin
4947,edris
4948,donnette
4949,donnetta
4950,dierdre
4951,denae
4952,darcel
4953,claude
4954,clarisa
4955,cinderella
4956,chia
4957,charlesetta
4958,charita
4959,celsa
4960,cassy
4961,cassi
4962,carlee
4963,bruna
4964,brittaney
4965,brande
4966,billi
4967,bao
4968,antonetta
4969,angla
4970,angelyn
4971,analisa
4972,alane
4973,wenona
4974,wendie
4975,veronique
4976,vannesa
4977,tobie
4978,tempie
4979,sumiko
4980,sulema
4981,sparkle
4982,somer
4983,sheba
4984,shayne
4985,sharice
4986,shanel
4987,shalon
4988,sage
4989,roy
4990,rosio
4991,roselia
4992,renay
4993,rema
4994,reena
4995,porsche
4996,ping
4997,peg
4998,ozie
4999,oretha
5000,oralee
5001,oda
5002,nu
5003,ngan
5004,nakesha
5005,milly
5006,marybelle
5007,marlin
5008,maris
5009,margrett
5010,maragaret
5011,manie
5012,lurlene
5013,lillia
5014,lieselotte
5015,lavelle
5016,lashaunda
5017,lakeesha
5018,keith
5019,kaycee
5020,kalyn
5021,joya
5022,joette
5023,jenae
5024,janiece
5025,illa
5026,grisel
5027,glayds
5028,genevie
5029,gala
5030,fredda
5031,fred
5032,elmer
5033,eleonor
5034,debera
5035,deandrea
5036,dan
5037,corrinne
5038,cordia
5039,contessa
5040,colene
5041,cleotilde
5042,charlott
5043,chantay
5044,cecille
5045,beatris
5046,azalee
5047,arlean
5048,ardath
5049,anjelica
5050,anja
5051,alfredia
5052,aleisha
5053,adam
5054,zada
5055,yuonne
5056,xiao
5057,willodean
5058,whitley
5059,vennie
5060,vanna
5061,tyisha
5062,tova
5063,torie
5064,tonisha
5065,tilda
5066,tien
5067,temple
5068,sirena
5069,sherril
5070,shanti
5071,shan
5072,senaida
5073,samella
5074,robbyn
5075,renda
5076,reita
5077,phebe
5078,paulita
5079,nobuko
5080,nguyet
5081,neomi
5082,moon
5083,mikaela
5084,melania
5085,maximina
5086,marg
5087,maisie
5088,lynna
5089,lilli
5090,layne
5091,lashaun
5092,lakenya
5093,lael
5094,kirstie
5095,kathline
5096,kasha
5097,karlyn
5098,karima
5099,jovan
5100,josefine
5101,jennell
5102,jacqui
5103,jackelyn
5104,hyo
5105,hien
5106,grazyna
5107,florrie
5108,floria
5109,eleonora
5110,dwana
5111,dorla
5112,dong
5113,delmy
5114,deja
5115,dede
5116,dann
5117,crysta
5118,clelia
5119,claris
5120,clarence
5121,chieko
5122,cherlyn
5123,cherelle
5124,charmain
5125,chara
5126,cammy
5127,bee
5128,arnette
5129,ardelle
5130,annika
5131,amiee
5132,amee
5133,allena
5134,yvone
5135,yuki
5136,yoshie
5137,yevette
5138,yael
5139,willetta
5140,voncile
5141,venetta
5142,tula
5143,tonette
5144,timika
5145,temika
5146,telma
5147,teisha
5148,taren
5149,ta
5150,stacee
5151,shin
5152,shawnta
5153,saturnina
5154,ricarda
5155,pok
5156,pasty
5157,onie
5158,nubia
5159,mora
5160,mike
5161,marielle
5162,mariella
5163,marianela
5164,mardell
5165,many
5166,luanna
5167,loise
5168,lisabeth
5169,lindsy
5170,lilliana
5171,lilliam
5172,lelah
5173,leigha
5174,leanora
5175,lang
5176,kristeen
5177,khalilah
5178,keeley
5179,kandra
5180,junko
5181,joaquina
5182,jerlene
5183,jani
5184,jamika
5185,jame
5186,hsiu
5187,hermila
5188,golden
5189,genevive
5190,evia
5191,eugena
5192,emmaline
5193,elfreda
5194,elene
5195,donette
5196,delcie
5197,deeanna
5198,darcey
5199,cuc
5200,clarinda
5201,cira
5202,chae
5203,celinda
5204,catheryn
5205,catherin
5206,blanca
5207,carmelia
5208,camellia
5209,breana
5210,bobette
5211,bernardina
5212,bebe
5213,basilia
5214,arlyne
5215,amal
5216,alayna
5217,zonia
5218,zenia
5219,yuriko
5220,yaeko
5221,wynell
5222,willow
5223,willena
5224,vernia
5225,tu
5226,travis
5227,tora
5228,terrilyn
5229,terica
5230,tenesha
5231,tawna
5232,tajuana
5233,taina
5234,stephnie
5235,sona
5236,sol
5237,sina
5238,shondra
5239,shizuko
5240,sherlene
5241,sherice
5242,sharika
5243,rossie
5244,rosena
5245,rory
5246,rima
5247,ria
5248,rheba
5249,renna
5250,peter
5251,natalya
5252,nancee
5253,melodi
5254,meda
5255,maxima
5256,matha
5257,marketta
5258,maricruz
5259,marcelene
5260,malvina
5261,luba
5262,louetta
5263,leida
5264,lecia
5265,lauran
5266,lashawna
5267,laine
5268,khadijah
5269,katerine
5270,kasi
5271,kallie
5272,julietta
5273,jesusita
5274,jestine
5275,jessia
5276,jeremy
5277,jeffie
5278,janyce
5279,isadora
5280,georgianne
5281,fidelia
5282,evita
5283,eura
5284,eulah
5285,estefana
5286,elsy
5287,elizabet
5288,eladia
5289,dodie
5290,dion
5291,dia
5292,denisse
5293,deloras
5294,delila
5295,daysi
5296,dakota
5297,curtis
5298,crystle
5299,concha
5300,colby
5301,claretta
5302,chu
5303,christia
5304,charlsie
5305,charlena
5306,carylon
5307,bettyann
5308,asley
5309,ashlea
5310,amira
5311,ai
5312,agueda
5313,agnus
5314,yuette
5315,vinita
5316,victorina
5317,tynisha
5318,treena
5319,toccara
5320,tish
5321,thomasena
5322,tegan
5323,soila
5324,shiloh
5325,shenna
5326,sharmaine
5327,shantae
5328,shandi
5329,september
5330,saran
5331,sarai
5332,sana
5333,samuel
5334,salley
5335,rosette
5336,rolande
5337,regine
5338,otelia
5339,oscar
5340,olevia
5341,nicholle
5342,necole
5343,naida
5344,myrta
5345,myesha
5346,mitsue
5347,minta
5348,mertie
5349,margy
5350,mahalia
5351,madalene
5352,love
5353,loura
5354,lorean
5355,lewis
5356,lesha
5357,leonida
5358,lenita
5359,lavone
5360,lashell
5361,lashandra
5362,lamonica
5363,kimbra
5364,katherina
5365,karry
5366,kanesha
5367,julio
5368,jong
5369,jeneva
5370,jaquelyn
5371,hwa
5372,gilma
5373,ghislaine
5374,gertrudis
5375,fransisca
5376,fermina
5377,ettie
5378,etsuko
5379,ellis
5380,ellan
5381,elidia
5382,edra
5383,dorethea
5384,doreatha
5385,denyse
5386,denny
5387,deetta
5388,daine
5389,cyrstal
5390,corrin
5391,cayla
5392,carlita
5393,camila
5394,burma
5395,bula
5396,buena
5397,blake
5398,barabara
5399,avril
5400,austin
5401,alaine
5402,zana
5403,wilhemina
5404,wanetta
5405,virgil
5406,vi
5407,veronika
5408,vernon
5409,verline
5410,vasiliki
5411,tonita
5412,tisa
5413,teofila
5414,tayna
5415,taunya
5416,tandra
5417,takako
5418,sunni
5419,suanne
5420,sixta
5421,sharell
5422,seema
5423,russell
5424,rosenda
5425,robena
5426,raymonde
5427,pei
5428,pamila
5429,ozell
5430,neida
5431,neely
5432,mistie
5433,micha
5434,merissa
5435,maurita
5436,maryln
5437,maryetta
5438,marshall
5439,marcell
5440,malena
5441,makeda
5442,maddie
5443,lovetta
5444,lourie
5445,lorrine
5446,lorilee
5447,lester
5448,laurena
5449,lashay
5450,larraine
5451,laree
5452,lacresha
5453,kristle
5454,krishna
5455,keva
5456,keira
5457,karole
5458,joie
5459,jinny
5460,jeannetta
5461,jama
5462,heidy
5463,gilberte
5464,gema
5465,faviola
5466,evelynn
5467,enda
5468,elli
5469,ellena
5470,divina
5471,dagny
5472,collene
5473,codi
5474,cindie
5475,chassidy
5476,chasidy
5477,catrice
5478,catherina
5479,cassey
5480,caroll
5481,carlena
5482,candra
5483,calista
5484,bryanna
5485,britteny
5486,beula
5487,bari
5488,audrie
5489,audria
5490,ardelia
5491,annelle
5492,angila
5493,alona
5494,allyn